Weight,Height,Fever,Lethargy,Diarrhea,Running_Nose,Coughing_Sneezing,Coat_Changes,Health
24.5252632897653,39.41474388641306,no,yes,no,yes,yes,no,unhealthy
18.395978061128,27.620967809410978,no,yes,yes,yes,yes,no,unhealthy
27.145608752973377,25.076409422762488,yes,yes,no,yes,yes,yes,unhealthy
25.03203201022188,23.549499353665396,no,no,yes,yes,yes,yes,unhealthy
12.410888248719301,31.88864365033355,no,no,yes,yes,yes,yes,unhealthy
22.345283613390716,24.35409507697735,yes,yes,no,no,yes,yes,unhealthy
19.142850243239614,35.34350850570165,no,yes,yes,yes,yes,no,unhealthy
29.734442155949292,29.52010285098835,yes,yes,no,no,yes,yes,unhealthy
10.970902653070706,34.76307432443461,yes,no,no,no,no,yes,unhealthy
28.273570663637045,33.895260231959725,no,yes,no,yes,yes,yes,unhealthy
12.792925761484955,46.835454118877145,yes,yes,yes,no,yes,no,unhealthy
16.488144279332843,34.40085094625573,no,yes,no,yes,no,no,unhealthy
16.302936118827052,16.28977999967252,no,yes,yes,no,no,yes,unhealthy
22.901741662384165,40.15881496316043,yes,no,yes,yes,yes,no,unhealthy
19.531584363466205,12.077618679474442,yes,no,yes,no,yes,yes,unhealthy
23.40569405456835,23.64184738885382,yes,yes,yes,yes,no,yes,unhealthy
12.923753346239359,43.24516951932576,no,yes,no,yes,no,no,unhealthy
22.641265849698772,43.088232790401236,no,no,yes,yes,yes,yes,unhealthy
16.8958233822533,20.77235127994127,yes,yes,yes,no,yes,no,unhealthy
11.72861493280427,21.969398094517683,yes,no,yes,yes,no,no,unhealthy
29.315722151572253,42.29809492642154,no,no,yes,yes,no,yes,unhealthy
19.01021698988906,33.59100043577634,no,no,no,no,yes,no,unhealthy
15.042859885911701,19.19069513529694,no,yes,yes,no,no,yes,unhealthy
29.51907080377858,31.258736666884396,yes,yes,yes,yes,yes,yes,unhealthy
24.903826473343532,19.35165792442309,no,no,no,yes,no,yes,unhealthy
13.034618261204576,39.69303194023112,yes,no,yes,yes,yes,yes,unhealthy
24.934056168857538,17.735633217862812,no,yes,yes,no,no,yes,unhealthy
25.51065694884804,46.01528381997648,yes,no,no,yes,no,no,unhealthy
15.324910715896698,15.830090675159179,no,yes,no,yes,no,no,unhealthy
23.663571372309317,28.8666102882534,no,no,no,yes,no,yes,unhealthy
29.682119866947666,22.457123266514216,no,yes,yes,yes,yes,no,unhealthy
19.062383978689397,24.91147376638192,no,yes,yes,yes,yes,no,unhealthy
26.281768034111927,24.811435676024594,yes,no,yes,no,yes,no,unhealthy
21.253146700551593,20.06438300123172,no,no,no,no,no,no,healthy
27.84440404482872,36.86113106408362,yes,no,yes,no,yes,yes,unhealthy
12.792124506749518,24.662152688733986,yes,no,yes,yes,yes,no,unhealthy
26.34901654742337,47.28456657851686,yes,yes,yes,no,no,yes,unhealthy
15.985900771400585,10.162524097850486,no,no,no,yes,yes,no,unhealthy
26.53942807369838,19.002730653297746,yes,no,no,no,no,no,unhealthy
26.232491799759952,23.123058446374472,yes,no,yes,yes,no,no,unhealthy
15.602963921142663,22.700020951762344,no,no,no,yes,yes,no,unhealthy
20.795888039668938,40.826177328345786,yes,yes,no,no,yes,no,unhealthy
15.427845295916216,40.9337753370998,yes,no,yes,no,no,yes,unhealthy
17.908166785432265,13.644910712698145,yes,no,yes,no,yes,yes,unhealthy
13.52902496792148,35.763407549612104,no,yes,yes,no,yes,no,unhealthy
20.714255015337585,25.906086000690408,no,yes,yes,no,no,no,unhealthy
22.68658202190096,28.978420694128673,yes,yes,yes,no,no,yes,unhealthy
27.945337887710284,35.96970024489032,no,no,no,no,no,no,healthy
20.423754254120393,45.53046539858552,yes,yes,no,yes,yes,yes,unhealthy
21.531185072620346,13.236088308217049,no,no,yes,no,no,no,unhealthy
25.00509957009445,20.192219307492216,yes,no,yes,no,yes,yes,unhealthy
26.785049285069142,18.563737164328586,no,no,no,no,no,yes,unhealthy
18.439821576692555,24.616190930591834,no,no,yes,yes,yes,yes,unhealthy
12.931688880806957,11.137262320107716,no,yes,no,yes,yes,no,unhealthy
10.39139892122931,38.47421094618387,no,yes,yes,yes,yes,yes,unhealthy
20.505838811308934,25.98858365230786,no,yes,yes,no,no,no,unhealthy
23.51033601288033,33.57032115744876,no,yes,yes,yes,no,no,unhealthy
17.180537380506188,19.042563748016647,yes,yes,yes,yes,no,yes,unhealthy
14.093721749829939,12.034308069503542,no,no,no,yes,no,no,unhealthy
25.784999338311714,31.656091327514883,yes,no,yes,yes,no,no,unhealthy
22.281416951593734,17.62396204665209,no,yes,yes,no,yes,yes,unhealthy
26.23518484912141,42.39326457991659,yes,yes,yes,no,no,yes,unhealthy
17.56109220700096,31.503464627603922,no,no,yes,yes,no,no,unhealthy
29.803737071480715,32.759043107360974,no,yes,yes,yes,no,yes,unhealthy
20.683903056870506,21.51886924585545,no,yes,no,yes,no,no,unhealthy
19.05615511556733,40.35512437633279,yes,yes,no,yes,yes,yes,unhealthy
15.306654626055941,42.548654273366424,yes,no,no,yes,no,yes,unhealthy
23.774794452669383,49.9457163733115,yes,no,yes,no,yes,yes,unhealthy
16.145807550696826,15.580428130909766,yes,no,yes,no,yes,yes,unhealthy
14.381560013146997,31.153900248481673,yes,no,no,no,yes,no,unhealthy
13.099891691066839,40.372141366052965,no,no,yes,no,no,yes,unhealthy
15.871671311937687,40.02225331669468,yes,yes,yes,yes,yes,no,unhealthy
16.014804263444823,43.84647812015445,no,no,yes,yes,no,no,unhealthy
25.171118935013226,19.064009746554177,no,yes,no,no,no,yes,unhealthy
19.126638933765513,16.4452668193119,no,no,yes,no,yes,yes,unhealthy
19.34043949303374,24.02136680507794,no,no,yes,yes,yes,no,unhealthy
23.9718326603266,36.354663329291974,no,no,yes,yes,yes,no,unhealthy
14.07167915954403,18.115606941953203,yes,no,yes,yes,no,no,unhealthy
21.60022134115287,39.99371501077157,no,yes,no,no,yes,yes,unhealthy
11.088365179902091,28.694870286325123,yes,no,no,yes,yes,no,unhealthy
29.909303984139065,14.68021390603704,no,yes,yes,yes,no,no,unhealthy
18.561867716998343,31.3626763671149,yes,yes,no,yes,yes,yes,unhealthy
21.88599715373693,33.63088870136005,yes,yes,no,no,yes,yes,unhealthy
22.78998199262918,19.132926264645235,yes,no,yes,no,yes,yes,unhealthy
15.366512938235052,23.755948607417583,yes,no,yes,yes,yes,yes,unhealthy
14.711540594905575,41.10463352524285,yes,yes,yes,yes,yes,yes,unhealthy
28.465865259024483,36.26095086605386,no,yes,no,no,no,no,unhealthy
26.783153625873346,16.324726458061946,no,no,no,no,yes,yes,unhealthy
10.399958311606943,20.57450849857908,no,yes,no,yes,yes,yes,unhealthy
25.650075918631583,20.137088398895315,no,yes,no,no,yes,yes,unhealthy
23.183009533561414,10.975767664240767,no,no,no,yes,no,no,unhealthy
27.210131384653305,15.867012654853067,yes,yes,yes,yes,no,no,unhealthy
14.742094934244685,22.672315123333178,no,yes,no,yes,yes,no,unhealthy
20.165386369105594,15.54769433667273,yes,yes,no,yes,yes,no,unhealthy
10.008507552800088,22.074238433525366,no,yes,no,no,no,no,unhealthy
20.183911539361322,36.58857722436815,no,no,no,no,no,yes,unhealthy
27.938437549447038,37.34613471911865,yes,no,yes,no,yes,yes,unhealthy
27.609283062817767,22.613378231268545,yes,no,no,no,no,yes,unhealthy
18.794914150704106,35.7635731219856,yes,no,no,no,yes,no,unhealthy
25.105009853479423,26.80984614472395,yes,yes,yes,yes,no,no,unhealthy
10.237346744955754,20.951437269904787,no,no,no,no,yes,yes,unhealthy
17.40354827189011,40.69084353624992,yes,yes,yes,yes,yes,yes,unhealthy
14.371937462859654,13.253012884213087,yes,no,no,no,yes,no,unhealthy
21.3128211862825,35.77847341424403,no,no,yes,no,no,yes,unhealthy
28.197160757115665,28.804115126333173,no,no,yes,no,no,yes,unhealthy
22.004506740291667,12.574791084403687,yes,no,yes,yes,no,yes,unhealthy
10.564533316302906,15.024720605976473,yes,no,yes,yes,no,no,unhealthy
21.65570366912538,24.9881659151449,yes,yes,no,yes,no,no,unhealthy
19.005929994251485,20.423091694673122,no,no,no,no,no,yes,unhealthy
13.241866864471994,17.962430667466172,no,no,yes,yes,no,yes,unhealthy
12.863462767316797,46.11847410770232,yes,yes,yes,no,no,yes,unhealthy
25.716738147725934,33.15760756311934,yes,yes,no,yes,no,yes,unhealthy
14.00442975569793,26.42555025036387,yes,no,no,yes,yes,no,unhealthy
18.779958224369523,27.56303006678433,yes,yes,yes,yes,yes,yes,unhealthy
11.21530871408261,13.41655866561804,yes,no,yes,no,yes,no,unhealthy
28.167365609808883,47.971798236654564,yes,no,no,no,no,yes,unhealthy
22.773407523569986,32.480255294003314,yes,no,no,no,yes,yes,unhealthy
26.241823331725012,43.83056940630845,no,no,yes,yes,no,yes,unhealthy
24.33698670424668,26.822259092151075,yes,yes,no,yes,no,no,unhealthy
29.740835018938018,41.97453727153567,yes,no,no,yes,yes,yes,unhealthy
14.975888328877748,15.608241010037055,yes,yes,yes,yes,yes,yes,unhealthy
23.5095454297593,36.33544382430495,no,no,yes,no,no,no,unhealthy
25.460917655279662,35.00302477234786,yes,yes,no,no,yes,yes,unhealthy
20.240076900130205,30.40213918451075,yes,no,yes,yes,no,yes,unhealthy
17.493200725806282,44.76987157414021,yes,no,no,no,no,no,unhealthy
13.831454209465372,48.09639656213268,no,no,yes,no,yes,yes,unhealthy
22.72601094271215,19.036609289285785,yes,yes,yes,yes,no,yes,unhealthy
19.43196823429273,41.70115792568129,no,no,no,yes,no,no,unhealthy
12.218313309035409,42.65791307284038,no,yes,yes,no,yes,yes,unhealthy
13.215078106551752,29.72949353910462,no,yes,no,yes,yes,yes,unhealthy
25.155218540109693,20.63596504827625,no,yes,yes,no,no,yes,unhealthy
27.560694121163106,48.44509459194458,no,yes,yes,yes,no,no,unhealthy
19.253532240089765,40.49627621689846,no,yes,no,no,no,no,unhealthy
13.610984963017271,48.15419537747206,no,no,no,no,yes,yes,unhealthy
13.582848138161348,15.097991050297752,no,yes,yes,no,no,no,unhealthy
14.807057451710362,11.111866732146991,yes,yes,no,yes,yes,no,unhealthy
16.420026342770882,39.856350745995556,no,yes,yes,yes,no,yes,unhealthy
26.296956630106603,41.193588594096155,yes,yes,no,no,yes,no,unhealthy
14.281656602376241,35.23101168391072,yes,yes,no,no,yes,no,unhealthy
18.672493729402774,30.854920690531937,no,yes,no,no,no,no,unhealthy
20.62264767769758,29.80857007229399,yes,no,no,no,yes,yes,unhealthy
29.140571872717924,13.150947888348643,yes,no,no,no,no,no,unhealthy
25.83374479880652,15.111439967872329,no,yes,yes,yes,no,yes,unhealthy
13.073733831474177,35.89428568969872,yes,yes,no,no,no,yes,unhealthy
29.810252072260237,32.159931961648425,no,yes,no,yes,yes,yes,unhealthy
23.29642986110809,45.578614908745905,no,no,yes,yes,no,yes,unhealthy
13.851058975510089,21.011197698916643,no,yes,no,no,no,no,unhealthy
16.22904852803871,41.20047646074934,yes,no,yes,no,no,no,unhealthy
28.687774808776396,35.45946263052038,no,yes,no,yes,yes,no,unhealthy
29.69800113417088,43.4563631338511,yes,yes,no,yes,no,no,unhealthy
20.514034218999033,19.157881803462292,no,no,no,no,yes,no,unhealthy
11.34204189850742,46.109396822806296,no,no,no,no,no,yes,unhealthy
17.869606723767582,16.226289545668667,no,no,yes,yes,no,no,unhealthy
18.826757338808747,20.261289897358132,no,no,yes,no,no,yes,unhealthy
27.400439856264267,20.117930416597147,no,no,no,yes,yes,yes,unhealthy
11.47894550559851,35.32242099534336,yes,no,no,no,no,yes,unhealthy
12.670176417659462,14.545652170072625,no,yes,yes,yes,no,no,unhealthy
13.273323488802383,28.591737287950174,yes,yes,yes,yes,yes,no,unhealthy
17.272426364705517,29.980985819434075,yes,yes,no,no,yes,no,unhealthy
25.051697109997193,40.16366437845306,no,no,no,yes,no,no,unhealthy
18.49925125874475,20.18864086316131,yes,yes,yes,yes,yes,no,unhealthy
29.044295942035735,15.679673640619448,no,yes,yes,no,yes,yes,unhealthy
21.736008541158302,46.546069464924635,no,no,yes,no,no,yes,unhealthy
13.067541658288205,23.904208687528957,yes,yes,no,yes,no,no,unhealthy
20.22454335790687,31.920414679003905,yes,yes,yes,no,no,no,unhealthy
13.51291418817387,24.466239778820785,no,yes,yes,yes,yes,yes,unhealthy
29.698630877041992,43.16176411329548,no,yes,no,no,no,yes,unhealthy
22.858514177422315,16.485616679335557,no,yes,yes,no,no,yes,unhealthy
13.215942981059744,21.83475357491591,no,no,no,no,yes,no,unhealthy
15.7983953044617,46.635587511310895,yes,yes,yes,no,yes,yes,unhealthy
29.087490074117007,47.43270250948936,no,yes,no,yes,no,yes,unhealthy
11.002856295403038,22.19254195388214,no,yes,no,yes,yes,yes,unhealthy
19.1666583784181,10.826101853925838,yes,yes,yes,no,no,yes,unhealthy
14.142601083396148,30.764622993517392,yes,no,no,no,no,no,unhealthy
28.97456618515037,35.48242482737332,yes,no,yes,no,no,no,unhealthy
22.649358091036547,23.773529434019594,no,no,yes,yes,no,no,unhealthy
14.949034745576824,16.53025089317207,yes,no,yes,no,no,no,unhealthy
17.71654083448166,48.92743196426659,yes,yes,no,yes,no,no,unhealthy
16.719962967392156,45.73065414116766,yes,no,yes,yes,no,yes,unhealthy
23.749048021131905,16.809593285492387,no,yes,yes,no,yes,yes,unhealthy
17.946449339941424,20.57917421825878,no,no,no,no,yes,yes,unhealthy
14.433378623200221,20.520881561464392,no,no,yes,yes,yes,no,unhealthy
15.585719531467008,34.69227331491919,no,no,no,yes,no,yes,unhealthy
28.7321790687141,23.156464315799887,no,yes,yes,no,no,yes,unhealthy
16.502200531255248,37.98739087896618,no,yes,yes,yes,yes,no,unhealthy
23.74290055988382,31.861778949987816,yes,yes,no,no,yes,yes,unhealthy
23.328021465078013,26.73527635464156,no,no,yes,no,no,no,unhealthy
27.718189106579068,49.82329736097884,no,no,yes,no,yes,no,unhealthy
21.289313664366418,47.628629189001025,no,yes,yes,yes,no,no,unhealthy
29.80591014588942,39.52331473122665,yes,no,yes,yes,yes,yes,unhealthy
25.08627989219445,34.18784452776647,yes,yes,yes,no,no,no,unhealthy
11.827117353875803,28.465216989958712,yes,no,yes,yes,yes,yes,unhealthy
27.107983519900888,13.632304614056402,yes,yes,yes,yes,yes,no,unhealthy
18.665274972707472,16.875155833942912,yes,yes,no,yes,yes,no,unhealthy
18.212174825183766,13.155153897877616,yes,no,no,no,no,no,unhealthy
20.744968094997514,13.148711612902403,no,no,no,no,yes,yes,unhealthy
11.780481535658819,29.62996257892876,yes,no,yes,no,no,yes,unhealthy
26.696557812064384,26.3784912117518,yes,no,yes,yes,yes,no,unhealthy
21.865261543986914,39.05695971692203,no,yes,no,no,yes,no,unhealthy
28.531872352161948,14.555048838472695,no,yes,no,no,yes,no,unhealthy
18.03835328186004,44.93717983763739,yes,yes,yes,no,no,no,unhealthy
24.777195885478633,18.285768812995027,yes,no,no,yes,no,yes,unhealthy
16.9378085268823,23.153206553833282,yes,yes,yes,no,no,no,unhealthy
17.75361785679845,11.83319705478835,yes,no,yes,yes,no,no,unhealthy
27.75264891853999,42.12708891468769,yes,no,yes,no,yes,no,unhealthy
15.96739469123243,14.672204012456827,no,no,no,yes,yes,no,unhealthy
23.79121025212486,19.54181858093903,yes,yes,yes,yes,yes,no,unhealthy
15.090721628037905,28.804511656324294,yes,no,yes,yes,yes,yes,unhealthy
21.7597460662973,28.494337593599532,no,no,yes,yes,no,yes,unhealthy
26.198682581577966,21.124680491451798,yes,yes,no,no,yes,yes,unhealthy
16.765945617132015,37.97340741061302,yes,yes,no,no,no,yes,unhealthy
25.834367162811105,25.361684840794176,no,yes,no,no,yes,yes,unhealthy
16.052170475827353,38.94416673939151,no,no,yes,yes,yes,no,unhealthy
11.075690731838497,21.177930908241503,no,no,no,no,no,no,healthy
28.131078965150387,12.429310118622174,yes,yes,yes,no,yes,yes,unhealthy
29.318632676104258,20.22303684196288,no,no,yes,no,yes,yes,unhealthy
15.625225724748532,33.419363393721476,yes,no,no,no,yes,yes,unhealthy
10.086571924634523,49.159447475739476,yes,no,yes,yes,no,no,unhealthy
28.800887306433786,24.159185696819613,no,yes,no,no,yes,no,unhealthy
17.86029610825326,48.22317758691851,no,no,yes,no,no,yes,unhealthy
22.054279462494527,21.62708820195311,no,no,yes,no,no,yes,unhealthy
25.310675645108198,35.11727950942662,no,yes,yes,no,no,yes,unhealthy
22.37781652056468,23.333894071180488,yes,no,yes,no,no,yes,unhealthy
14.526429065738549,24.666263346990135,yes,no,no,no,yes,yes,unhealthy
18.68189481822964,42.64261992777551,yes,yes,no,yes,no,no,unhealthy
23.614601067308918,33.77991304475302,no,no,no,yes,yes,yes,unhealthy
29.471218619778202,41.34297882400124,yes,yes,no,yes,yes,no,unhealthy
29.82445567392127,24.909856191148798,yes,yes,no,no,yes,yes,unhealthy
19.718662583270962,16.486263014454543,yes,no,yes,yes,yes,yes,unhealthy
25.832785712404313,39.314738562315966,yes,yes,no,no,yes,yes,unhealthy
26.81975528493045,44.187091900375115,no,no,yes,no,no,no,unhealthy
13.068609609412976,11.223093739506528,no,no,no,yes,yes,no,unhealthy
19.77423745419862,33.43094433692487,no,yes,no,no,no,yes,unhealthy
16.601711401975237,46.6256322571729,yes,yes,no,no,yes,yes,unhealthy
14.606113641092,13.515245617082442,no,no,no,yes,no,no,unhealthy
25.944234891722108,31.19125787329534,yes,no,no,yes,no,no,unhealthy
25.055448635016948,26.395417958962998,yes,no,no,no,yes,no,unhealthy
19.33563209237645,47.48734541129332,yes,yes,no,yes,no,yes,unhealthy
20.623102830449042,49.386171158482455,yes,yes,yes,yes,yes,yes,unhealthy
15.868756204410088,12.240834153483071,yes,yes,yes,yes,yes,yes,unhealthy
14.555348655163971,33.31806974130794,no,no,yes,no,no,no,unhealthy
28.700034985921334,26.35858430211783,no,no,yes,yes,no,yes,unhealthy
12.643279620721291,38.77094065530071,yes,no,no,no,yes,yes,unhealthy
16.282544422943563,24.39013663947962,yes,yes,no,no,no,yes,unhealthy
28.94599404997283,44.467873326410235,no,yes,no,no,yes,no,unhealthy
13.258630045790591,31.167765276862113,yes,yes,yes,yes,no,yes,unhealthy
16.282127662571543,37.77320719802903,no,yes,yes,yes,no,no,unhealthy
20.39480759485129,28.224373330960212,yes,no,yes,yes,yes,yes,unhealthy
12.642441245941916,39.88687219123338,no,yes,no,no,no,no,unhealthy
25.992062515966445,30.947667776876187,yes,yes,no,no,yes,yes,unhealthy
15.779967615860745,34.829341982607254,yes,yes,yes,no,yes,no,unhealthy
10.79474444425426,35.04719047437176,yes,yes,no,yes,no,no,unhealthy
21.442816526261364,26.63795335047563,yes,no,yes,no,yes,no,unhealthy
17.66532777782293,41.472864079904426,no,no,no,yes,yes,no,unhealthy
28.29993012874384,34.62444995405344,yes,yes,no,no,no,yes,unhealthy
28.083882213366323,12.421676420765317,yes,yes,yes,no,yes,no,unhealthy
28.13146894622684,19.549758209972264,no,yes,yes,yes,yes,no,unhealthy
27.32495440690426,46.90290852658787,no,no,yes,no,no,no,unhealthy
23.114607976988232,29.996756669792532,no,yes,yes,yes,no,no,unhealthy
28.47146209393298,12.747812791147627,yes,no,no,yes,yes,no,unhealthy
27.242918032812216,19.878012280398018,no,yes,yes,yes,yes,yes,unhealthy
22.941131039200016,10.51997618330953,no,yes,yes,no,yes,yes,unhealthy
14.020770771602484,16.54605957584372,yes,no,yes,yes,yes,yes,unhealthy
28.892907076663533,26.294074113423175,no,yes,yes,yes,no,yes,unhealthy
14.243759601238008,29.752388227487927,no,yes,no,no,no,no,unhealthy
23.80765773070966,43.9425191367119,yes,yes,no,no,yes,yes,unhealthy
25.246356261464037,41.17913395159448,yes,yes,yes,no,no,yes,unhealthy
23.663701121193647,28.163114002752806,yes,yes,yes,yes,yes,no,unhealthy
26.914106089854112,12.431812102283333,no,yes,no,yes,yes,no,unhealthy
19.74008536419388,25.197145706633886,no,yes,yes,yes,no,no,unhealthy
23.686014165772427,32.32208726756473,yes,yes,yes,yes,no,no,unhealthy
24.173551054854215,32.25858939602439,no,no,yes,no,no,no,unhealthy
10.080439225423799,45.799192267754194,no,no,yes,yes,yes,no,unhealthy
24.493380282424486,18.486063975459793,yes,no,no,yes,no,yes,unhealthy
29.352488443548957,20.844073089600208,yes,yes,yes,yes,no,yes,unhealthy
24.25001652856603,41.47323535845226,yes,yes,no,no,yes,no,unhealthy
25.745691835001793,24.531784676557894,yes,no,yes,no,yes,yes,unhealthy
27.680041040403584,28.233651205396914,no,no,no,yes,no,no,unhealthy
14.587816964589743,22.767387506152662,no,no,yes,no,yes,yes,unhealthy
27.992238289887922,37.06552897976575,no,no,yes,yes,yes,no,unhealthy
11.27073681784978,33.36637657530383,yes,no,yes,yes,yes,yes,unhealthy
27.495670797033767,37.83904222492399,yes,no,yes,yes,yes,yes,unhealthy
18.723803738097857,15.301185254902151,no,yes,yes,yes,yes,yes,unhealthy
10.728918062045103,36.994450859107175,yes,yes,no,no,no,no,unhealthy
24.069976294992266,39.11482204334061,no,no,yes,no,no,no,unhealthy
25.53339003105723,27.045667577681613,no,no,no,no,no,yes,unhealthy
22.090736078897812,38.442114942504006,yes,yes,no,yes,yes,no,unhealthy
28.002108602625864,35.10837562965696,no,yes,yes,yes,no,yes,unhealthy
18.94558717225013,23.117041426721023,no,no,yes,yes,no,no,unhealthy
17.967754576460543,45.71867228629331,yes,no,no,yes,yes,no,unhealthy
23.399325697901922,20.234093717659583,no,no,yes,yes,no,yes,unhealthy
21.235305183415647,28.51189617561917,no,yes,yes,yes,no,yes,unhealthy
21.169423156635958,46.57130898422475,no,no,no,yes,yes,yes,unhealthy
23.469263143046156,46.67273145134038,no,no,yes,yes,yes,no,unhealthy
28.803352746894088,18.923560737218107,no,no,yes,yes,yes,no,unhealthy
17.758295407363146,15.952700380540819,no,no,yes,no,no,yes,unhealthy
12.82245987126258,38.011766918758056,no,no,yes,no,yes,yes,unhealthy
29.21950414704941,13.54459703704569,no,no,yes,no,yes,yes,unhealthy
21.41571510300985,43.65798934439646,no,yes,no,yes,yes,yes,unhealthy
21.549452089024037,33.81015922022898,no,yes,no,yes,no,yes,unhealthy
29.92068009879839,39.89344361237282,no,no,yes,no,no,no,unhealthy
23.554755475352657,35.56532338014607,yes,no,no,yes,yes,no,unhealthy
26.729456058466987,22.26980977696591,no,yes,no,no,yes,yes,unhealthy
20.533392950762366,18.895762033263278,yes,yes,no,no,yes,yes,unhealthy
25.75311046738279,39.19348424974254,yes,no,yes,no,yes,no,unhealthy
17.653961369399873,12.809835641843478,yes,yes,yes,no,no,yes,unhealthy
22.769711009521075,36.63514374305559,yes,yes,no,no,no,no,unhealthy
12.513285415023145,18.364369390219245,no,yes,no,no,no,no,unhealthy
12.089548552326757,23.993252648293748,no,no,yes,no,no,no,unhealthy
15.162253896015706,22.671687466492845,yes,yes,no,no,yes,no,unhealthy
26.104138309439755,35.363804338609626,no,no,yes,no,no,yes,unhealthy
20.90930200525422,29.20878450754667,no,no,no,no,yes,yes,unhealthy
23.340632058281752,29.264406852947523,yes,no,yes,yes,no,no,unhealthy
26.66402925633308,13.18524656323968,yes,no,yes,yes,no,yes,unhealthy
22.51132611261793,13.716690406183062,no,no,yes,no,yes,no,unhealthy
18.889829086978594,17.674462696059777,yes,yes,no,no,yes,yes,unhealthy
11.078380180890637,28.726383889271897,no,no,no,yes,yes,no,unhealthy
20.47723769707935,20.26097779530572,yes,yes,no,yes,yes,yes,unhealthy
26.613695923038733,21.886725374748217,yes,no,no,no,no,no,unhealthy
20.306180861923682,14.50521248585317,no,no,no,no,yes,yes,unhealthy
13.470815715161352,49.731416629406915,no,yes,no,no,no,yes,unhealthy
22.531886649293256,15.128265807400446,no,no,no,no,no,yes,unhealthy
23.06608358794216,39.39203377386185,no,no,no,no,no,yes,unhealthy
29.731302337605964,29.51506200036805,yes,yes,no,yes,no,no,unhealthy
27.647846235118244,22.08433060133126,yes,yes,yes,no,no,yes,unhealthy
12.650460666959379,48.097212532617114,no,no,yes,no,yes,no,unhealthy
14.676549004446805,18.052252894884973,no,no,no,no,yes,no,unhealthy
27.760922781594996,13.009223911503899,yes,yes,yes,no,no,yes,unhealthy
15.116379522918898,45.19837402478291,no,no,yes,no,yes,no,unhealthy
23.536354670813886,26.291896496650963,yes,yes,no,no,yes,yes,unhealthy
26.91929189489428,45.66034097498345,no,yes,no,yes,yes,yes,unhealthy
18.532623617926482,12.011160473526704,yes,no,no,no,yes,yes,unhealthy
20.63118466444687,34.865411703688004,no,no,yes,no,no,no,unhealthy
28.922105115708003,20.77431881509289,yes,yes,yes,yes,yes,no,unhealthy
26.879880616064515,15.253750261423246,no,no,yes,no,no,no,unhealthy
14.756861566858193,47.15088297685437,no,no,yes,no,no,no,unhealthy
10.726805853436147,36.57789922507616,yes,no,yes,yes,no,yes,unhealthy
25.985348775984804,17.525932511740407,no,no,no,no,no,no,healthy
21.153960418638558,31.197077749169022,yes,yes,no,yes,yes,yes,unhealthy
25.15657663803931,10.501286870350292,no,yes,yes,no,yes,no,unhealthy
23.173983794717046,45.85635618200793,yes,no,no,no,yes,no,unhealthy
28.249093756815316,30.599988469905806,yes,yes,yes,no,yes,yes,unhealthy
21.3174000853628,43.33135992553189,no,yes,no,no,yes,yes,unhealthy
13.642008860011359,14.024609527562681,no,yes,yes,yes,yes,yes,unhealthy
18.664698952412877,17.84805218478855,no,no,no,no,yes,no,unhealthy
13.38019800723105,17.995266291579668,no,yes,yes,yes,yes,no,unhealthy
24.237760514216447,13.005139848759534,no,no,no,yes,yes,yes,unhealthy
14.602115828629923,45.847363026739735,yes,yes,no,yes,yes,yes,unhealthy
13.164274301722825,31.411859007798558,yes,yes,yes,no,yes,no,unhealthy
17.20223575069237,22.668631933227555,no,yes,no,yes,no,yes,unhealthy
19.89082532033648,17.225954456600103,yes,no,no,no,no,yes,unhealthy
24.33050106360977,14.316676562816326,no,yes,no,yes,yes,yes,unhealthy
20.66086400095817,20.46670655517437,no,yes,no,yes,no,yes,unhealthy
29.691866712253233,48.373770776133036,yes,yes,yes,yes,yes,no,unhealthy
21.419821965108227,39.26228301886108,yes,yes,yes,no,yes,yes,unhealthy
15.763454567026812,34.001952865587235,yes,yes,no,yes,yes,no,unhealthy
12.700967494254037,31.81047371451975,yes,yes,no,no,yes,no,unhealthy
29.30373763822479,23.58550766098963,no,no,yes,no,no,yes,unhealthy
19.14568662188739,26.22932741273609,yes,yes,yes,yes,no,yes,unhealthy
28.38595781301813,14.512478703494951,yes,yes,yes,yes,no,yes,unhealthy
11.265331234134637,24.83281669576953,yes,yes,no,yes,yes,yes,unhealthy
12.758000802819748,48.25740161894312,no,no,yes,yes,no,no,unhealthy
15.553783527567951,41.81349703488637,yes,no,yes,no,yes,no,unhealthy
10.784509046816396,17.72175014376176,no,yes,yes,yes,yes,no,unhealthy
14.744187719291473,42.306853462764956,yes,no,no,no,yes,yes,unhealthy
13.545844223436657,35.197973581757445,no,yes,yes,yes,no,yes,unhealthy
15.418045217573155,42.09213433543771,yes,yes,yes,no,yes,yes,unhealthy
26.623703971469094,42.50685089804148,no,yes,no,yes,yes,yes,unhealthy
22.38145995112318,13.950023205485444,no,no,no,yes,yes,no,unhealthy
13.141869703755273,44.948509648989315,no,no,yes,no,no,no,unhealthy
19.812960436331082,32.12309114686557,no,no,yes,yes,yes,yes,unhealthy
14.761577730346268,46.99105249957169,yes,no,yes,yes,yes,no,unhealthy
26.338327356583477,46.979306111747675,no,no,no,yes,yes,no,unhealthy
29.403688255195036,22.118338102471547,no,yes,yes,yes,no,no,unhealthy
16.346010948597055,14.034131706664859,no,yes,yes,yes,no,no,unhealthy
25.119375025077396,46.7396091030478,yes,yes,yes,yes,no,no,unhealthy
21.69205468051286,22.62057130439198,no,no,yes,no,no,no,unhealthy
27.501262840072545,10.93345253140425,yes,no,yes,yes,yes,no,unhealthy
26.388223935019084,20.362474774712172,yes,no,yes,no,no,no,unhealthy
17.858839243043775,16.021018103800785,yes,no,no,no,yes,no,unhealthy
20.367772109862784,19.25053342661029,no,no,no,no,yes,no,unhealthy
15.699531418616603,45.86813092509027,no,no,no,yes,no,yes,unhealthy
12.140771672686135,36.81847852763134,no,yes,yes,yes,no,yes,unhealthy
18.113120914322206,37.23963525567226,no,no,no,no,yes,yes,unhealthy
27.264560105858674,48.46510952679709,no,no,no,yes,no,no,unhealthy
15.31870311470289,20.65407858754915,yes,yes,no,yes,no,yes,unhealthy
19.764305865759184,13.188315498495356,yes,no,yes,no,no,no,unhealthy
17.909459259296753,24.146273549097927,no,yes,no,no,no,no,unhealthy
27.588927994691012,31.92520709820343,no,yes,yes,yes,yes,no,unhealthy
28.15127428686076,26.35880838309813,no,yes,no,no,no,no,unhealthy
12.169704807388527,38.7888484047162,no,no,yes,yes,no,yes,unhealthy
14.352741277775882,35.24465952409275,no,no,yes,no,yes,no,unhealthy
16.40243299387475,21.488347790692742,no,no,no,no,no,no,healthy
19.47191247134792,12.9384146202514,yes,no,yes,no,no,yes,unhealthy
18.548836859933193,15.222301691791685,no,no,no,no,yes,no,unhealthy
18.038006708373132,44.30591490422325,no,yes,yes,no,no,no,unhealthy
24.132974688035382,16.01495055584845,yes,yes,no,no,no,no,unhealthy
29.778695636990747,45.64582693416748,no,yes,yes,yes,yes,yes,unhealthy
17.825156752081348,17.45209611252314,no,no,yes,yes,yes,yes,unhealthy
27.64214806206653,31.1713070817585,no,yes,yes,no,no,yes,unhealthy
23.85748697547055,23.519624111279647,no,no,no,yes,no,no,unhealthy
21.482778025927203,33.07763378156146,no,yes,no,no,yes,no,unhealthy
27.209318985005908,10.371586315893268,no,no,yes,yes,no,yes,unhealthy
17.216743691525,32.73496392333497,no,yes,yes,no,no,yes,unhealthy
16.841559611400832,48.04573969789235,no,yes,yes,yes,yes,no,unhealthy
25.74690974666443,16.70686940773348,yes,yes,no,yes,no,no,unhealthy
29.532152787264287,17.41425489308961,no,yes,no,yes,yes,no,unhealthy
17.559062232879107,44.44457343274082,no,no,no,no,no,yes,unhealthy
25.983611708324645,34.38804083323753,no,yes,yes,no,yes,yes,unhealthy
22.566844486182603,29.204172476374204,yes,no,yes,yes,no,no,unhealthy
22.470789610430828,23.546625445574392,no,yes,no,yes,no,no,unhealthy
29.63013774118528,31.64930618422335,no,no,no,yes,yes,yes,unhealthy
27.301492783702216,37.37635339718999,yes,no,yes,yes,no,no,unhealthy
16.247667465212743,34.791618789083785,no,no,yes,yes,yes,yes,unhealthy
12.903120865701066,46.17212397927884,yes,no,no,yes,no,yes,unhealthy
10.820572546118868,40.25077615789938,no,no,yes,no,yes,yes,unhealthy
17.215636263392618,21.26203759510156,no,yes,no,no,yes,yes,unhealthy
22.415636353475662,12.20988465118321,yes,yes,yes,yes,no,yes,unhealthy
11.206688926067056,38.43161988423722,no,yes,yes,yes,no,yes,unhealthy
24.83803829119771,39.204760725657984,no,no,no,no,yes,yes,unhealthy
14.153039254533557,27.735991226231175,yes,yes,no,yes,yes,yes,unhealthy
18.479806053237873,34.46208739339471,no,no,no,yes,no,yes,unhealthy
28.97580651424748,14.306517811301589,yes,yes,no,yes,yes,yes,unhealthy
17.269451218999407,49.193879751297224,no,no,yes,no,yes,yes,unhealthy
26.40871752905654,15.93365415416898,no,yes,yes,yes,yes,no,unhealthy
28.444175129039518,45.57309596908358,yes,no,no,no,yes,no,unhealthy
17.72405205915672,16.23964213505176,no,yes,no,yes,yes,yes,unhealthy
27.50406414532001,30.529722509238105,yes,no,no,no,no,yes,unhealthy
25.282805996795435,36.86099943515896,yes,no,yes,yes,no,no,unhealthy
10.17702171483638,30.211187317073186,yes,yes,yes,no,yes,yes,unhealthy
10.021805213789817,22.12997793683732,no,no,yes,yes,no,yes,unhealthy
21.52020253351553,14.378370151077423,no,no,no,no,no,no,healthy
28.277072706981148,41.21252573366418,yes,no,yes,yes,no,yes,unhealthy
16.506328073288522,47.207021967967876,yes,yes,yes,yes,no,yes,unhealthy
18.567629673262818,20.26842065927026,yes,no,no,no,no,no,unhealthy
28.12887494403524,32.56842542526553,yes,no,no,yes,no,no,unhealthy
12.41687148764166,30.105321221711137,yes,no,yes,no,yes,no,unhealthy
18.665786524653345,27.65405431279946,yes,no,yes,no,no,yes,unhealthy
22.575466291197092,39.89707767721127,yes,yes,no,yes,no,yes,unhealthy
23.729528551862465,42.31257515901716,yes,no,yes,yes,yes,yes,unhealthy
11.585605030675213,46.00311428873852,no,yes,yes,yes,yes,no,unhealthy
23.19250647390431,33.523907595737036,no,yes,yes,no,yes,no,unhealthy
24.278380605742825,28.607647928942548,yes,yes,yes,no,no,yes,unhealthy
16.260945799718126,43.3323039050203,no,yes,yes,yes,yes,no,unhealthy
25.587139954733722,14.761037404254287,yes,yes,no,yes,yes,no,unhealthy
19.202496739257,33.650335388127075,no,no,yes,no,yes,no,unhealthy
21.12138849178719,11.609096511968527,yes,yes,no,yes,no,no,unhealthy
29.45895278700779,45.02342504906766,yes,no,yes,yes,no,no,unhealthy
24.09878915310401,33.718719111628324,yes,no,no,yes,no,no,unhealthy
20.563687168468693,21.319720931312286,yes,yes,yes,no,no,yes,unhealthy
12.65097305195593,37.23011052227179,yes,yes,no,yes,no,yes,unhealthy
25.615255263561966,24.310019775812712,no,no,yes,yes,yes,yes,unhealthy
19.572501270196113,32.21061254801262,no,no,no,no,yes,no,unhealthy
22.90394824369067,42.64695069186867,yes,yes,yes,no,no,no,unhealthy
24.42464370776356,15.725029993155717,yes,yes,no,no,no,no,unhealthy
14.99747365399957,14.52683466076678,no,no,no,no,no,yes,unhealthy
28.525494003312676,13.428347135350421,no,no,yes,yes,yes,no,unhealthy
24.32152244355099,40.154037316573714,yes,yes,no,no,yes,no,unhealthy
27.44878217094817,13.167743864936634,yes,no,no,no,no,yes,unhealthy
26.248940269489346,19.900443518582986,no,yes,no,no,yes,no,unhealthy
10.903079711843787,43.643377609188704,no,yes,yes,no,yes,no,unhealthy
15.57722698911935,39.767680936018465,no,no,no,yes,no,no,unhealthy
14.3326988011722,39.217897125761056,no,no,no,yes,no,yes,unhealthy
22.723921967750904,45.00849827948221,no,yes,yes,no,yes,yes,unhealthy
19.428843629455294,26.518983511721803,yes,no,yes,yes,yes,no,unhealthy
26.408194401365172,11.881740876372664,no,yes,no,yes,yes,yes,unhealthy
21.887787954596625,26.07205066831444,yes,no,no,no,no,no,unhealthy
19.789053393004664,26.682467629689306,yes,yes,yes,no,yes,yes,unhealthy
27.403756377473318,11.732787159002328,yes,yes,yes,yes,yes,yes,unhealthy
19.25284315802466,26.60563901839643,no,no,yes,no,no,no,unhealthy
21.73197571566242,34.229239134569966,yes,no,yes,no,yes,yes,unhealthy
26.192486938504025,36.50053167998793,yes,no,yes,no,no,yes,unhealthy
26.812606474822406,21.643087623902638,yes,yes,yes,no,yes,yes,unhealthy
15.855383969749122,28.373674546923446,yes,no,yes,yes,no,yes,unhealthy
15.488577776976909,44.421504377469134,no,yes,no,yes,yes,no,unhealthy
27.84875481444783,36.140457419836,no,yes,yes,no,yes,yes,unhealthy
18.69521254452413,41.65210215920588,yes,yes,no,yes,yes,yes,unhealthy
21.869799296296826,15.190861499105743,yes,no,no,yes,yes,no,unhealthy
29.0919234091813,24.20292459346819,yes,yes,no,yes,yes,yes,unhealthy
27.21196142683175,21.34303771667902,yes,no,yes,no,yes,yes,unhealthy
20.48004140045272,38.14210465377431,yes,no,no,yes,no,yes,unhealthy
29.13226991139243,21.137306464723686,no,no,yes,yes,no,yes,unhealthy
21.68322893054739,16.779468638928225,no,no,yes,yes,no,yes,unhealthy
27.86584202395495,22.818844995760912,yes,no,yes,yes,yes,yes,unhealthy
24.903245281794383,37.86127621768729,no,no,yes,yes,no,no,unhealthy
29.053414375621696,27.132553459828173,no,yes,no,no,no,no,unhealthy
24.039090426897964,27.871393000601472,yes,yes,no,yes,yes,yes,unhealthy
16.654159753113525,39.62266358318362,yes,no,yes,yes,yes,yes,unhealthy
20.33866252864963,35.987918842557306,yes,no,yes,no,no,no,unhealthy
16.467606132253557,44.22124562199782,yes,yes,no,yes,yes,no,unhealthy
22.825425826942904,28.741122506437783,no,yes,yes,yes,yes,no,unhealthy
13.205916004921894,22.44078329881129,no,no,no,yes,yes,no,unhealthy
11.503221372389662,43.66245765842409,yes,no,no,no,yes,yes,unhealthy
28.44318123239036,36.304272281009034,no,yes,yes,yes,no,no,unhealthy
27.643987283485252,49.881561068934246,yes,yes,yes,no,yes,no,unhealthy
27.352478106221273,15.658840650483818,yes,no,no,no,no,yes,unhealthy
23.790022006758996,39.05899594218557,yes,no,yes,no,yes,no,unhealthy
16.309068129216488,42.75690232168063,no,yes,no,no,no,yes,unhealthy
15.86283210307916,17.61942665997555,no,yes,yes,yes,yes,yes,unhealthy
13.223419222754199,19.384587978265525,no,no,yes,no,yes,no,unhealthy
10.470936645437583,27.99980332213551,yes,yes,yes,no,yes,no,unhealthy
23.616974224102925,14.785690514714847,no,yes,yes,no,yes,yes,unhealthy
20.00222637657379,23.799361185431096,yes,no,yes,yes,yes,yes,unhealthy
20.010866453252568,30.787711153568598,yes,no,yes,no,yes,yes,unhealthy
13.542324180573837,32.00173701657046,yes,no,yes,no,no,no,unhealthy
15.471624391302843,16.646755861770572,no,yes,yes,yes,no,no,unhealthy
10.34052518495081,35.05183046996757,no,yes,no,no,yes,yes,unhealthy
19.167437678004084,42.968356344977494,no,yes,no,no,no,no,unhealthy
19.242156837765616,16.476116569529665,yes,yes,yes,no,yes,no,unhealthy
10.068022949754699,14.696892888886687,yes,no,no,yes,yes,no,unhealthy
22.130670779717118,26.08651015390269,no,no,no,no,yes,no,unhealthy
14.999345572439926,25.055441693507312,no,no,no,no,yes,no,unhealthy
11.467358579188938,44.25734549808666,no,no,yes,yes,yes,no,unhealthy
12.277471473756005,15.303059574649854,yes,no,no,no,no,no,unhealthy
15.995806144348991,31.70673482050144,yes,no,no,yes,no,no,unhealthy
21.924736669551415,45.67082481560448,yes,no,no,no,no,no,unhealthy
11.975040060228373,48.98223628586617,yes,yes,no,no,no,yes,unhealthy
26.970231721060898,38.38919871100342,yes,no,no,no,no,yes,unhealthy
19.308117259685936,36.695402342836246,yes,no,no,no,no,yes,unhealthy
14.329490721182694,43.04744390576889,no,no,yes,no,yes,yes,unhealthy
19.21833009586296,42.87126372855672,yes,no,no,yes,yes,yes,unhealthy
13.461637684714145,29.72852231534036,yes,yes,no,no,yes,no,unhealthy
19.624581627443856,21.234847501909847,yes,no,yes,yes,yes,no,unhealthy
17.40116943556326,41.50353991273559,no,no,yes,no,yes,yes,unhealthy
20.732724338719972,45.09276136929528,yes,yes,yes,no,no,yes,unhealthy
23.790060440469418,39.13470853292104,no,no,no,no,no,yes,unhealthy
23.43215388688587,22.096176141415537,no,no,no,yes,no,no,unhealthy
17.881228153286422,10.305892117856565,yes,yes,yes,yes,no,yes,unhealthy
16.346103779149395,34.55745270283825,yes,yes,no,yes,no,no,unhealthy
29.5672563803633,19.512741773896167,yes,yes,no,no,no,yes,unhealthy
27.99948304156578,18.646054736631452,yes,no,no,no,yes,no,unhealthy
27.787833119005022,30.34053003487395,yes,yes,no,no,no,no,unhealthy
15.111155065805884,20.617926585963605,yes,yes,yes,no,no,yes,unhealthy
28.8770404815256,27.011251374202423,no,yes,yes,yes,no,no,unhealthy
12.475282412569708,10.227969378380578,no,no,yes,yes,yes,no,unhealthy
25.24510303195596,13.354890245929823,no,yes,yes,no,no,yes,unhealthy
17.256441051286558,19.84477889052851,no,no,no,no,no,yes,unhealthy
17.042974149009495,11.256276011845072,no,no,yes,no,no,no,unhealthy
12.390177612606163,25.921688007213287,no,yes,no,no,no,no,unhealthy
10.891888450324789,17.745926122335334,no,no,no,yes,no,no,unhealthy
10.00517824961306,22.354750348780694,yes,yes,no,no,no,no,unhealthy
11.926421148429682,34.660869873383476,yes,yes,yes,yes,no,yes,unhealthy
20.77686040394977,32.90710501436697,no,yes,no,no,no,yes,unhealthy
13.734561304658442,27.758432684071913,no,no,yes,no,no,no,unhealthy
20.320198195219938,18.610512026244407,yes,no,no,no,yes,yes,unhealthy
29.0912974035098,24.627795990911522,no,no,no,yes,yes,no,unhealthy
11.240582067348239,32.454120171286505,no,yes,no,yes,yes,yes,unhealthy
26.977976882297774,46.5512222580297,yes,no,yes,no,yes,no,unhealthy
28.097013106732604,37.29746199855915,no,yes,yes,yes,no,no,unhealthy
28.269410805282167,24.295075055660465,no,no,yes,no,no,yes,unhealthy
29.225441416065053,15.753697756269357,no,yes,yes,no,no,yes,unhealthy
19.900670550359237,29.740944488177444,no,yes,no,no,yes,no,unhealthy
10.440891949481696,19.97822228399548,yes,no,no,no,yes,no,unhealthy
26.851469140551355,10.041677565893474,no,yes,yes,yes,yes,no,unhealthy
19.43596051383866,39.31353181510068,no,no,no,yes,yes,yes,unhealthy
18.893157534307562,15.262156616754453,yes,yes,no,no,yes,yes,unhealthy
13.969061160243461,40.85417240791885,yes,no,no,yes,no,yes,unhealthy
25.944311458703215,13.25237485545343,yes,yes,yes,yes,yes,yes,unhealthy
20.473516294083474,14.390755230001243,yes,no,no,no,no,yes,unhealthy
29.081125132555094,34.094303763663305,no,yes,no,yes,no,no,unhealthy
26.21626896033844,32.361453162045066,yes,yes,yes,no,yes,no,unhealthy
29.958153580262387,12.426788687124933,no,no,no,yes,no,yes,unhealthy
15.145222695061486,29.301960919350535,no,yes,yes,no,no,yes,unhealthy
17.18413330743377,46.32451346698176,no,yes,no,yes,yes,no,unhealthy
20.038939110808563,41.5952731654323,yes,yes,no,no,no,no,unhealthy
21.113412790992047,27.168996224952608,yes,no,yes,yes,no,no,unhealthy
28.856435347921987,21.037902606562117,no,yes,no,yes,no,no,unhealthy
14.032149831823787,13.284460483593774,no,no,no,yes,no,no,unhealthy
24.29515601762173,27.269116720497443,no,no,no,yes,yes,yes,unhealthy
14.473119052311505,19.009973917477954,no,no,no,yes,yes,yes,unhealthy
18.046420923771837,22.58630992912562,yes,no,no,no,no,yes,unhealthy
13.148159025609319,17.757883182753442,no,yes,yes,yes,yes,yes,unhealthy
29.338930646608176,18.933231534403387,yes,no,no,no,no,no,unhealthy
21.119365738900754,19.18450795900267,yes,no,no,no,yes,no,unhealthy
14.859552728444061,48.1376178881884,yes,yes,yes,no,no,no,unhealthy
10.30163303545706,17.36633062163138,yes,yes,no,yes,yes,no,unhealthy
18.7466965893244,10.464603224365616,yes,yes,yes,no,yes,yes,unhealthy
15.947755566259065,40.266367393115466,yes,no,yes,no,no,yes,unhealthy
26.637633537140363,13.9342175469265,yes,no,yes,yes,no,no,unhealthy
23.809135252814926,14.36013823480517,yes,yes,no,no,yes,no,unhealthy
13.981594899850112,39.243890020363,no,no,yes,yes,no,yes,unhealthy
29.556996076925092,10.188075173193294,yes,no,no,yes,no,no,unhealthy
13.26919554654172,44.53917529893673,no,yes,yes,yes,no,yes,unhealthy
21.496477800003667,26.28788698928332,no,no,yes,no,no,no,unhealthy
15.58273901943785,47.60063340636104,yes,yes,yes,no,no,yes,unhealthy
20.683981154774145,31.58726933783265,yes,no,no,yes,yes,no,unhealthy
23.77263470859212,35.61209576090755,no,no,yes,no,yes,no,unhealthy
24.850974006597802,19.344510807649353,yes,no,yes,yes,yes,yes,unhealthy
20.358934103201705,39.08540729187919,yes,yes,no,yes,yes,yes,unhealthy
15.106496998554018,49.034491411920044,no,no,yes,no,yes,no,unhealthy
16.93871253058391,11.007110898103022,no,no,no,yes,yes,yes,unhealthy
15.458291697260488,49.59441957825889,no,no,no,no,yes,yes,unhealthy
10.614412796375738,37.482193848752146,no,yes,yes,yes,yes,no,unhealthy
21.845064864481806,19.858742069977833,no,yes,yes,yes,yes,no,unhealthy
13.960452138477804,44.364801857391214,yes,no,no,yes,yes,yes,unhealthy
23.235261500743647,34.731757651670634,yes,yes,yes,yes,no,no,unhealthy
24.179017540289603,39.5537592071215,yes,yes,yes,no,yes,no,unhealthy
29.379426231061537,39.46444856513645,yes,no,no,yes,yes,yes,unhealthy
24.62129872815301,34.073433584248725,yes,yes,yes,yes,yes,yes,unhealthy
25.331368502399936,21.55374724464069,no,yes,no,yes,yes,no,unhealthy
25.721599407214732,44.78323043739404,yes,no,yes,no,yes,no,unhealthy
19.338245781066494,38.871722529020076,no,yes,no,yes,no,yes,unhealthy
11.980337111338415,31.241666633283167,yes,no,yes,no,no,no,unhealthy
27.08883466511879,36.98130336233351,yes,no,yes,no,yes,no,unhealthy
11.681827731171605,12.322190431622463,no,no,yes,yes,yes,no,unhealthy
29.630369209823066,36.29760435568578,yes,yes,no,yes,yes,no,unhealthy
21.798441365344264,27.732460975120922,yes,yes,no,yes,no,yes,unhealthy
26.730547230008174,20.970265494092487,no,no,no,no,yes,yes,unhealthy
19.576152865389606,21.725735966216256,yes,no,yes,yes,yes,no,unhealthy
19.955214629152195,13.288515555527969,yes,yes,no,no,yes,yes,unhealthy
20.275003564085207,41.283652282154414,yes,yes,no,no,yes,yes,unhealthy
22.999459509639344,43.378915782535174,no,no,yes,yes,no,yes,unhealthy
23.912333767093525,39.2369390854622,no,yes,yes,yes,no,no,unhealthy
22.19654426666439,47.84560266001303,no,yes,yes,no,no,yes,unhealthy
17.81969749919392,20.46243148683368,no,yes,yes,yes,no,yes,unhealthy
29.327494964275896,14.291820932093039,no,yes,no,yes,yes,yes,unhealthy
28.5289160379204,49.9529057205636,yes,yes,yes,yes,yes,yes,unhealthy
20.131413028411025,24.57887128299141,no,no,yes,yes,no,yes,unhealthy
12.097175259008049,12.726422364654383,yes,no,no,yes,no,no,unhealthy
19.655245155539866,42.54689043587572,yes,no,yes,no,no,no,unhealthy
25.44649080084926,36.78289406232122,yes,no,no,no,no,yes,unhealthy
23.806947800006533,28.695062540304374,no,yes,yes,no,yes,yes,unhealthy
21.000891107544156,25.93533774414473,no,no,yes,no,yes,no,unhealthy
26.429668421421507,21.690392213982438,no,no,no,yes,no,no,unhealthy
25.72085109817528,21.508717066896,yes,no,yes,no,no,no,unhealthy
15.825291203520864,30.065261128350542,yes,no,no,yes,yes,yes,unhealthy
10.026655256247842,10.20151795345155,no,yes,yes,no,yes,no,unhealthy
13.867433670872916,46.08844253456679,no,no,yes,no,yes,no,unhealthy
19.796505115915053,19.16965192501117,no,no,yes,no,no,no,unhealthy
23.477408681199314,10.966066242911312,yes,yes,yes,no,yes,yes,unhealthy
29.57402634167603,34.76151184682713,yes,no,yes,yes,yes,yes,unhealthy
14.166094109497216,30.66920069605598,no,yes,yes,yes,no,no,unhealthy
10.423139319596796,15.943979428646653,no,yes,no,no,yes,yes,unhealthy
12.97225172687452,36.603047663573385,no,yes,yes,no,no,yes,unhealthy
19.928722427778762,33.07569902864774,no,yes,no,yes,no,yes,unhealthy
18.241623064530035,14.586487015339852,yes,yes,no,yes,no,no,unhealthy
12.294381752731077,29.852871329067558,no,yes,yes,no,no,no,unhealthy
24.791411714375805,30.884077331081873,yes,yes,no,no,yes,no,unhealthy
24.917973809552656,32.73357553566426,yes,no,no,yes,yes,no,unhealthy
19.080439259630513,30.764140961366515,no,yes,yes,no,no,yes,unhealthy
13.727665495172356,39.18017729613821,yes,yes,no,yes,yes,no,unhealthy
10.917760010232936,14.93895641114323,yes,yes,no,no,yes,no,unhealthy
24.205687076253678,20.443022621095075,yes,yes,no,no,no,no,unhealthy
28.915709884460863,20.47546902421196,no,yes,yes,yes,no,no,unhealthy
17.46578515922226,32.53326515900311,no,yes,yes,yes,yes,yes,unhealthy
21.51050888270554,47.627692547821844,no,yes,no,no,yes,yes,unhealthy
14.888387065745448,36.290187463150225,yes,yes,no,no,no,yes,unhealthy
15.26012589586278,35.37145304891905,no,no,yes,no,yes,yes,unhealthy
21.630891180206255,20.083089836994695,yes,no,yes,yes,yes,no,unhealthy
15.08648770404885,49.8153496460641,yes,no,no,yes,yes,yes,unhealthy
11.63906221325814,49.989712023553786,yes,no,no,no,yes,no,unhealthy
28.21642796712899,14.486828224863606,yes,yes,yes,yes,yes,no,unhealthy
15.829358724959166,28.89701500807222,no,no,yes,no,yes,yes,unhealthy
26.19297662755503,48.87617357026137,yes,yes,yes,yes,yes,no,unhealthy
14.525304032922328,41.69418817758492,no,no,no,yes,yes,yes,unhealthy
15.45724880560895,17.762862913281165,no,no,no,no,no,yes,unhealthy
26.801691121433574,30.941659228967225,yes,no,yes,yes,no,yes,unhealthy
24.758772162242213,19.376474400883893,no,no,no,yes,no,yes,unhealthy
24.857061386624196,35.44852108964484,no,no,no,yes,yes,yes,unhealthy
15.32407982569789,40.4038147755741,yes,no,no,no,yes,yes,unhealthy
23.864696961030646,42.935082162765205,no,yes,yes,no,yes,no,unhealthy
11.144978198245486,29.48929412456629,no,no,yes,yes,no,yes,unhealthy
14.481864852261634,30.167491319521673,no,no,no,no,yes,no,unhealthy
11.918576027210888,47.520106292407135,yes,yes,yes,no,no,no,unhealthy
22.785851076622098,29.471271961964348,yes,yes,no,yes,no,no,unhealthy
19.157773920087784,22.92305724047148,no,no,yes,no,yes,no,unhealthy
26.863854140785502,23.585744355773475,yes,yes,no,yes,yes,no,unhealthy
19.01916797238257,22.637880796004957,no,yes,no,yes,no,yes,unhealthy
12.56498135343552,14.758166400171454,yes,no,yes,no,yes,no,unhealthy
22.180725754401692,24.33860523726526,no,no,no,yes,yes,no,unhealthy
28.732845093102164,22.521613079261012,no,no,no,yes,no,yes,unhealthy
21.425957463101135,46.51120072338558,yes,no,no,yes,yes,no,unhealthy
13.904898984834798,26.569404574153886,no,yes,yes,no,no,no,unhealthy
11.377273644338109,10.984622978287923,no,yes,yes,yes,yes,yes,unhealthy
13.465740794047926,23.475478755601277,yes,yes,no,no,yes,yes,unhealthy
15.244207724578711,42.90659072670613,yes,yes,no,yes,yes,yes,unhealthy
25.858129042655396,39.971848957071515,no,yes,no,no,yes,no,unhealthy
11.655651886917573,26.339797192360038,yes,no,yes,yes,yes,no,unhealthy
26.183208411677338,49.791985214223395,yes,yes,yes,no,yes,no,unhealthy
17.365425417905584,47.91362432102158,no,no,no,no,yes,no,unhealthy
23.291590892362816,46.738371748508314,no,no,no,no,yes,yes,unhealthy
19.648140233621866,19.465796891119087,yes,no,no,no,yes,no,unhealthy
28.31210159419045,33.49233301389716,no,no,no,no,no,yes,unhealthy
25.567061592391624,36.649528129372825,no,no,yes,yes,yes,no,unhealthy
15.170895002352136,34.20331293882053,no,yes,no,yes,yes,no,unhealthy
29.77774453216721,15.867389302610743,no,no,no,no,yes,yes,unhealthy
12.047741854291715,12.248531376732315,yes,yes,yes,yes,no,no,unhealthy
22.72226459230218,43.22898822038289,no,yes,no,no,yes,yes,unhealthy
23.885548562036348,30.429535108824936,no,no,no,yes,no,yes,unhealthy
23.37791801481636,37.90035339198693,yes,yes,no,yes,yes,no,unhealthy
11.689189894445423,19.937262217876153,yes,no,yes,yes,yes,no,unhealthy
10.311936335030158,45.73295002746261,no,yes,yes,yes,yes,yes,unhealthy
16.579238854455706,17.66129647212217,yes,yes,no,yes,no,no,unhealthy
22.831814651559448,28.257304437652564,no,yes,yes,no,yes,yes,unhealthy
14.661052640438943,29.507772144246793,yes,yes,yes,yes,yes,no,unhealthy
14.905184310587298,11.0616785438671,yes,yes,no,yes,yes,no,unhealthy
25.462566858544932,49.23781445271044,yes,no,yes,no,yes,no,unhealthy
13.672167923201348,32.042094427556314,yes,no,no,yes,yes,yes,unhealthy
24.357806538284294,35.661732189231344,yes,no,no,no,no,no,unhealthy
17.524511352304906,39.91509365464283,yes,yes,yes,yes,yes,no,unhealthy
14.806458100923647,47.0780495109279,no,no,no,yes,yes,no,unhealthy
11.109935169823437,16.811813227969488,no,yes,yes,yes,yes,yes,unhealthy
15.069180252678295,45.1233166920332,no,yes,yes,yes,yes,no,unhealthy
25.28524120646416,33.958490098620956,no,no,no,yes,no,no,unhealthy
11.984502924877638,48.54893213572579,no,yes,yes,no,no,no,unhealthy
21.981724413975353,25.003719830916182,yes,yes,no,no,no,no,unhealthy
10.612597389243678,37.16060232613965,no,no,no,no,no,no,healthy
12.48235164610605,45.499208380940665,no,no,no,no,no,no,healthy
10.652228898636853,31.805126865711237,yes,no,yes,no,yes,yes,unhealthy
18.015065205627472,48.93461348347839,yes,yes,yes,no,yes,no,unhealthy
28.78263841234361,33.761387454817594,no,yes,no,yes,no,yes,unhealthy
12.345604087327931,29.212733353344547,no,yes,yes,yes,yes,no,unhealthy
29.189634520774053,24.78766374699881,no,yes,no,yes,no,yes,unhealthy
29.648027184170893,14.623486528476164,no,no,no,no,yes,no,unhealthy
15.10744754951547,45.030954541652115,yes,no,yes,no,yes,no,unhealthy
27.946339859038613,38.33111300289471,yes,yes,yes,yes,yes,no,unhealthy
17.133986177303008,44.35517169961744,no,no,no,no,no,yes,unhealthy
22.749418133158912,44.466810915840284,no,no,yes,yes,yes,yes,unhealthy
15.24815643456931,39.575077996510764,yes,no,no,no,yes,yes,unhealthy
26.05860744098574,38.8306549230717,no,no,no,no,yes,yes,unhealthy
27.436820774662515,15.320829748138083,yes,no,no,no,no,yes,unhealthy
21.4475915259866,41.546430804932236,no,yes,yes,yes,yes,yes,unhealthy
12.6461906915985,13.341355125069656,yes,no,yes,no,no,yes,unhealthy
12.366050664243096,47.06130901717481,no,yes,yes,yes,yes,yes,unhealthy
29.07204752789295,38.11707801042189,no,yes,no,no,yes,yes,unhealthy
16.486324762958553,49.48168666619178,no,no,no,no,yes,yes,unhealthy
12.825284104521753,25.33069894428195,yes,no,yes,yes,no,no,unhealthy
21.928002411733452,20.35942882630854,no,yes,yes,no,yes,no,unhealthy
11.114510591679661,37.754032724487416,yes,no,yes,yes,yes,no,unhealthy
13.439403207381439,30.145809134647298,no,no,yes,yes,no,yes,unhealthy
29.62021885991413,11.21985996360046,yes,no,no,yes,yes,no,unhealthy
18.090271657846827,15.205120687522227,no,no,no,no,yes,no,unhealthy
22.014122131747875,33.078913827242914,yes,no,no,no,yes,no,unhealthy
11.360501066530922,34.11624599253058,yes,yes,no,yes,yes,no,unhealthy
23.885364690697614,19.46822346043659,yes,no,yes,yes,yes,no,unhealthy
15.909968312960874,38.613838945959124,yes,no,yes,yes,yes,yes,unhealthy
13.325683151650479,15.076197838445143,no,yes,no,yes,no,yes,unhealthy
27.774502878589246,38.42001243856128,no,no,yes,yes,yes,yes,unhealthy
24.37851396120965,15.064549430366775,yes,no,no,no,no,yes,unhealthy
12.198738443885912,45.123587326121594,yes,no,no,no,yes,yes,unhealthy
14.028204280085452,28.06184120664463,yes,yes,yes,yes,no,yes,unhealthy
18.706265977930617,20.495607217700744,no,no,no,no,yes,yes,unhealthy
14.44305606974621,42.03751176527594,yes,yes,no,no,no,yes,unhealthy
26.93650603316131,23.110167645715364,no,yes,yes,yes,no,yes,unhealthy
26.539920308972704,25.789930301297087,no,yes,no,no,yes,yes,unhealthy
27.982456705761642,40.50433680883856,no,yes,no,no,yes,no,unhealthy
27.870304839357406,27.07390090321077,no,yes,yes,no,yes,yes,unhealthy
25.95503315665928,48.40548928378628,no,no,yes,yes,no,no,unhealthy
16.81232107447327,25.889326070237942,yes,yes,no,yes,no,no,unhealthy
25.00000358813049,35.27718342250978,yes,no,yes,no,yes,yes,unhealthy
29.149648549496746,14.647849388306856,no,no,no,yes,no,yes,unhealthy
23.940549713785302,18.708610480886293,no,yes,yes,no,no,no,unhealthy
15.312837456355698,24.130538324893493,yes,no,yes,yes,yes,yes,unhealthy
25.13394077101099,20.196555691742105,no,yes,yes,yes,no,no,unhealthy
17.069353926188185,11.707351478806821,yes,no,yes,no,yes,yes,unhealthy
11.35529736868927,24.05299779723425,no,yes,yes,yes,no,no,unhealthy
26.773489623781664,23.30732122873374,yes,yes,yes,no,no,yes,unhealthy
10.90495495635891,35.52732080584622,yes,no,yes,yes,no,yes,unhealthy
26.839820562908905,24.33039558244934,yes,no,yes,no,no,no,unhealthy
21.021086888058615,14.005306617128541,yes,yes,no,yes,no,yes,unhealthy
16.89195955169982,28.008642047561718,no,yes,no,no,yes,no,unhealthy
17.508219508112767,46.487849201613095,no,no,yes,yes,yes,no,unhealthy
12.148422709313973,23.02985686539921,yes,no,no,no,no,yes,unhealthy
11.20010037368818,16.632960985841336,yes,no,no,yes,yes,no,unhealthy
10.539816941549145,23.846482680671684,yes,yes,yes,no,yes,yes,unhealthy
26.882109350363802,47.28177189192633,no,yes,no,no,yes,no,unhealthy
24.09551936289956,35.08354839444142,yes,no,no,no,no,no,unhealthy
22.154218381777895,43.58882649696396,no,no,yes,yes,yes,yes,unhealthy
11.01456276979927,19.204999927341007,yes,yes,yes,yes,yes,yes,unhealthy
21.80889434607078,34.02352311853197,no,yes,no,no,no,no,unhealthy
11.363156930390799,29.804455542591764,no,yes,yes,yes,yes,no,unhealthy
13.204475475846532,22.019184530584607,no,no,yes,no,no,no,unhealthy
17.46672585380984,48.95265825395663,yes,no,no,no,no,no,unhealthy
21.851980667579767,25.884003844296878,no,yes,no,no,no,yes,unhealthy
11.702770637793176,34.372816293131976,no,yes,no,no,yes,yes,unhealthy
15.073740322729217,36.356913557099006,yes,no,no,yes,no,yes,unhealthy
20.02839503856842,43.75734908684046,no,yes,no,no,no,no,unhealthy
11.36646232561639,44.62325635162361,yes,yes,no,yes,yes,yes,unhealthy
21.868497908737297,44.138556581037925,no,yes,no,no,no,no,unhealthy
28.621394301105955,39.502029501878,no,no,no,yes,yes,yes,unhealthy
21.752154376812697,33.042721880027614,yes,no,no,yes,no,no,unhealthy
28.624516171695348,17.705562440139,no,no,no,yes,yes,no,unhealthy
25.053826750250362,13.00874704060015,yes,no,no,yes,no,yes,unhealthy
23.702622688384604,46.74007903393266,yes,no,yes,yes,no,no,unhealthy
17.30547460239131,37.640534809587535,no,no,yes,no,no,yes,unhealthy
21.68988055561707,19.24756479604481,yes,no,no,no,no,no,unhealthy
13.127812613718685,16.96933657690203,yes,yes,no,no,no,no,unhealthy
18.47556475336071,21.183425310585182,yes,yes,yes,no,yes,yes,unhealthy
13.53781831807938,13.171851412317412,no,no,no,no,no,no,healthy
17.77738719932185,26.82585358816088,yes,no,yes,yes,no,no,unhealthy
15.65297442792872,23.247373517681957,no,yes,no,no,no,no,unhealthy
16.137593555359963,46.89778739349165,no,no,no,no,yes,yes,unhealthy
25.76710675305214,47.084536622107585,no,no,yes,yes,yes,no,unhealthy
16.04251463745884,30.397775538271922,no,yes,yes,yes,no,yes,unhealthy
27.94866163051295,10.585656258273728,no,no,no,yes,no,yes,unhealthy
14.725793832319498,11.590989203695834,yes,yes,yes,yes,yes,yes,unhealthy
28.588409127385784,42.51261015449919,yes,yes,no,yes,no,yes,unhealthy
18.501904609346678,26.71507099663469,no,no,no,no,yes,no,unhealthy
10.71109974153957,23.351088900806822,yes,no,yes,yes,no,yes,unhealthy
10.787083026653088,47.97487753032104,no,no,yes,no,yes,no,unhealthy
20.98288688356784,22.961764197450375,no,yes,yes,yes,no,no,unhealthy
24.957029936317596,20.432532638414948,no,yes,yes,yes,no,yes,unhealthy
24.58166478969231,18.571970685086008,no,yes,no,yes,no,no,unhealthy
17.3914414366267,24.621465093469578,no,no,yes,yes,yes,yes,unhealthy
17.550065348731124,17.82756758483041,yes,no,no,yes,no,yes,unhealthy
25.586709345867003,13.69053834056,no,yes,no,yes,yes,yes,unhealthy
29.196510622769416,40.408930466956974,no,no,no,yes,no,no,unhealthy
19.311738836387796,16.639009855934866,yes,yes,yes,no,yes,no,unhealthy
18.434886609539802,26.43852867162757,no,no,yes,yes,no,no,unhealthy
11.849919815607905,42.84078924560302,no,yes,no,no,no,yes,unhealthy
21.2470137564529,11.472179989483031,yes,no,no,yes,no,no,unhealthy
27.365856334619558,39.38914507797763,no,no,yes,no,no,no,unhealthy
28.972409092168647,29.22764032495341,yes,yes,yes,yes,yes,no,unhealthy
25.14878858903009,39.8086629349203,no,yes,no,no,no,no,unhealthy
27.626295205305627,23.99878121924033,yes,no,yes,no,no,no,unhealthy
16.96693770332364,37.88100191515284,no,no,no,no,no,no,healthy
13.550087082152555,14.834701657198082,yes,yes,no,no,yes,no,unhealthy
16.008044724632242,32.64387040830819,no,yes,yes,yes,no,yes,unhealthy
17.627113917083413,42.38099499578229,yes,no,yes,yes,yes,yes,unhealthy
18.963979776194904,16.585882581787033,yes,yes,yes,yes,no,yes,unhealthy
22.83697006057489,43.55061771695113,yes,no,yes,no,no,yes,unhealthy
15.797967716751542,44.932771706322846,yes,no,yes,yes,yes,yes,unhealthy
22.117557730998882,21.569012163617604,no,yes,no,yes,yes,yes,unhealthy
17.897055439252725,32.8242118678222,no,yes,yes,no,yes,no,unhealthy
24.337067439661766,47.71517643846035,no,yes,yes,no,yes,yes,unhealthy
12.964886599190425,47.31347383913061,no,yes,yes,no,yes,yes,unhealthy
14.267182836137808,17.121264159174302,yes,no,yes,yes,no,yes,unhealthy
22.827673753397157,40.960275665572055,no,yes,no,no,yes,no,unhealthy
12.809746210923183,18.411096576694415,no,no,yes,no,yes,no,unhealthy
15.497667475129349,42.09515720095609,no,yes,no,yes,no,yes,unhealthy
14.063101720502418,22.860709449727462,no,yes,yes,yes,yes,no,unhealthy
19.26911628609181,32.65181649537932,yes,no,yes,yes,yes,no,unhealthy
12.81434224717817,11.868187944052702,yes,yes,yes,yes,yes,no,unhealthy
11.555830261860137,38.378576541484115,no,no,no,no,no,yes,unhealthy
25.711017312770796,14.235790163263303,no,yes,no,no,no,yes,unhealthy
16.472555983731933,14.213895319866786,no,no,yes,no,yes,yes,unhealthy
11.309160190157009,40.58395897182659,yes,no,yes,yes,no,yes,unhealthy
19.933856386166582,31.39010952156889,no,yes,no,no,yes,yes,unhealthy
24.493753332944326,45.24115062262134,no,no,no,yes,yes,yes,unhealthy
15.627753204596486,25.974997313191732,yes,no,no,no,no,no,unhealthy
15.23198570559204,21.11595076292714,no,yes,yes,yes,yes,yes,unhealthy
13.749651295258285,43.7827298409788,yes,yes,no,yes,yes,no,unhealthy
11.90063793754674,20.644720809218605,no,yes,no,no,yes,yes,unhealthy
23.354908321918142,11.145707083185886,yes,no,no,yes,no,no,unhealthy
15.61371604064446,16.066565529531797,yes,no,no,yes,yes,no,unhealthy
24.407000072507557,44.85825661014236,yes,no,no,no,no,yes,unhealthy
25.738725889940483,18.538480797241263,no,no,yes,no,no,no,unhealthy
13.489740981520706,43.420751029519174,no,no,yes,no,no,no,unhealthy
27.280895488878564,14.377187052810951,no,no,yes,no,yes,no,unhealthy
28.816178885123904,34.87409633511719,yes,yes,no,no,no,yes,unhealthy
23.47852391616656,29.18462733886111,no,no,yes,yes,yes,yes,unhealthy
28.434248179454052,22.065253483811496,no,no,yes,yes,yes,yes,unhealthy
29.2775190255234,17.63258610088906,no,yes,yes,yes,yes,yes,unhealthy
21.50506261692914,43.65919771220287,yes,yes,no,yes,no,no,unhealthy
13.027693561591907,29.137819399839096,no,yes,yes,no,no,yes,unhealthy
29.315154823602327,40.964866398102494,yes,no,yes,no,no,yes,unhealthy
22.795463409147178,20.124888580766118,yes,no,yes,yes,no,yes,unhealthy
23.930509773542205,28.74903953561873,yes,no,yes,yes,no,no,unhealthy
17.944768471757826,40.063732717330176,no,yes,yes,no,no,yes,unhealthy
14.39372041753038,33.599686538203954,yes,yes,no,yes,no,yes,unhealthy
26.817199469229774,23.762027989488878,no,no,no,no,yes,no,unhealthy
24.697851095528993,21.732493968270692,yes,yes,no,yes,yes,no,unhealthy
27.567940111385344,47.13680966991733,no,yes,no,yes,yes,no,unhealthy
24.699624135048794,45.86906033208328,yes,yes,no,yes,yes,yes,unhealthy
10.474453744139682,35.982172413426525,no,no,yes,yes,no,yes,unhealthy
26.127245068104,21.888034745912094,no,yes,no,yes,no,no,unhealthy
11.997487205365305,30.582260285425143,yes,no,yes,no,no,yes,unhealthy
17.776545873193022,32.924370805022114,no,no,yes,yes,no,no,unhealthy
24.357694486143316,46.107554048690744,yes,no,yes,no,no,no,unhealthy
19.64649123461693,32.36641149164824,yes,yes,no,yes,yes,yes,unhealthy
17.093067952342714,25.835686344566227,yes,yes,no,no,yes,yes,unhealthy
13.331616663360508,11.220840057026088,no,no,no,yes,yes,yes,unhealthy
22.98288478251948,32.295458194827184,yes,yes,no,no,yes,yes,unhealthy
15.943800206241905,14.99980470213972,no,yes,yes,no,no,yes,unhealthy
16.98671331059409,19.04346977589002,yes,yes,yes,no,yes,no,unhealthy
10.889917275867232,14.221275823645616,no,no,yes,no,yes,no,unhealthy
24.065768694937805,17.711087063935697,no,yes,no,yes,yes,no,unhealthy
15.86457610981842,30.87897790885631,no,yes,no,no,yes,no,unhealthy
21.27425923655113,35.15798867749686,yes,no,no,no,no,no,unhealthy
20.606634902927297,26.831679428845856,yes,no,no,yes,yes,yes,unhealthy
11.309382815457239,17.21031705270287,no,yes,yes,no,no,yes,unhealthy
28.106636128989116,11.473482786466196,yes,no,yes,yes,no,no,unhealthy
23.279923492991045,24.576299954824425,yes,no,no,no,yes,no,unhealthy
20.22523013001087,31.175317211808817,yes,no,no,yes,yes,yes,unhealthy
13.978364522275184,38.06751939808511,no,yes,yes,no,no,yes,unhealthy
16.933020448114473,15.373429845518558,no,yes,no,no,yes,no,unhealthy
17.83642692336164,41.39622674184869,no,no,no,no,no,no,healthy
27.447963280854083,12.811056219908714,no,no,yes,no,no,yes,unhealthy
22.25055553945627,21.175482643508282,yes,no,no,no,yes,yes,unhealthy
28.622562520936246,22.801606843190896,yes,yes,no,no,yes,yes,unhealthy
12.363814694635408,46.22688378632042,yes,yes,yes,yes,yes,yes,unhealthy
19.453087569417967,11.609228880374518,no,no,no,no,no,yes,unhealthy
19.498905125471012,40.62571882093633,yes,yes,yes,yes,yes,no,unhealthy
14.912997909039055,46.81351620064164,yes,yes,no,yes,no,yes,unhealthy
18.85137307091494,41.55967420123089,yes,no,yes,no,no,yes,unhealthy
19.42663376020419,15.59315557237138,yes,yes,yes,no,no,no,unhealthy
25.34382722688242,41.708412940067305,yes,yes,yes,yes,yes,no,unhealthy
11.052822329200557,49.1524559316207,yes,yes,yes,no,no,no,unhealthy
15.727461429163103,39.560265787928536,yes,yes,no,no,no,yes,unhealthy
27.074380514030562,29.098183008339916,yes,yes,no,no,no,no,unhealthy
11.260188093844592,38.51051410062651,no,yes,yes,no,no,yes,unhealthy
15.712178075068392,44.49337940078547,no,no,no,no,yes,yes,unhealthy
20.278779851756738,22.249052136806824,no,yes,yes,no,no,yes,unhealthy
29.320806909555298,15.558189866449407,no,no,yes,no,yes,no,unhealthy
28.049363685505185,33.26645264016665,no,yes,yes,yes,yes,yes,unhealthy
18.025277841121216,44.76995169982833,yes,yes,yes,no,no,yes,unhealthy
25.625101894961674,21.804083628345804,yes,yes,no,yes,yes,yes,unhealthy
16.330361104219094,42.79315364604554,yes,yes,yes,yes,no,no,unhealthy
14.693546168631457,13.474602412479623,no,no,yes,yes,no,yes,unhealthy
29.36954334937684,21.05403449682469,no,no,yes,yes,no,no,unhealthy
12.172500641674267,23.68645435075821,no,yes,no,no,yes,no,unhealthy
25.323816443765104,49.13149157823424,yes,yes,yes,no,yes,yes,unhealthy
19.53992839018307,35.906829535416634,yes,no,yes,yes,no,no,unhealthy
25.170856610560442,42.46041176132104,no,yes,no,no,yes,no,unhealthy
21.359458837716893,41.750148255805875,yes,yes,no,yes,no,yes,unhealthy
22.436036739214487,36.75990876143658,no,no,yes,no,yes,no,unhealthy
29.73920546268873,17.428950506124096,yes,yes,no,no,yes,no,unhealthy
14.198965346055004,37.144737619029016,no,yes,yes,yes,yes,yes,unhealthy
10.69488224981686,18.129571767738767,yes,no,yes,no,yes,no,unhealthy
22.61925888185408,36.79677698008251,yes,no,yes,yes,no,yes,unhealthy
28.911734994058055,14.196406260817543,yes,yes,yes,no,yes,yes,unhealthy
21.994663274789225,25.819227102480163,yes,yes,no,no,yes,no,unhealthy
11.737015941251167,20.457469134862386,no,no,yes,yes,no,no,unhealthy
14.064674387196943,46.32051886923152,no,no,no,no,yes,yes,unhealthy
10.432814542738003,37.94500082916112,yes,no,yes,yes,no,no,unhealthy
26.957591935763716,36.52432309781096,no,no,no,no,no,yes,unhealthy
17.869063166790532,28.01998825251718,yes,no,no,no,no,yes,unhealthy
12.943342825988097,38.43345587533644,yes,no,yes,no,no,yes,unhealthy
25.325886521465634,49.27925230889415,no,no,no,yes,no,no,unhealthy
23.35893119262,41.04325325986345,no,no,yes,no,no,yes,unhealthy
11.374056266022638,10.6607583627025,yes,yes,no,yes,yes,no,unhealthy
13.63844210101554,20.261013156208758,yes,yes,yes,yes,yes,no,unhealthy
15.700317292776731,12.5990455189833,no,no,no,yes,yes,no,unhealthy
23.40515248025278,37.64485730413739,yes,no,no,no,no,no,unhealthy
28.21384777472729,20.949266911618313,yes,no,no,no,no,yes,unhealthy
21.92544421006777,37.24050963752358,no,yes,no,yes,yes,yes,unhealthy
14.308214565096392,15.303519931144386,no,no,no,no,no,yes,unhealthy
24.498974368964177,49.32397259154279,yes,yes,yes,no,yes,yes,unhealthy
26.243915163374357,13.5697706774388,yes,yes,no,yes,no,no,unhealthy
19.588984139532855,17.49969119736223,no,no,yes,no,yes,yes,unhealthy
27.574381658453998,13.244258806277038,no,no,no,no,no,yes,unhealthy
21.13309729363859,20.184924106541843,yes,yes,yes,no,no,yes,unhealthy
14.811187758786716,20.340203358139647,no,yes,yes,no,no,yes,unhealthy
29.647052381842762,31.609577188018374,no,yes,yes,yes,yes,no,unhealthy
21.09219205208045,16.694480139801616,no,no,no,yes,yes,no,unhealthy
24.896624676746978,41.7783388794074,no,yes,no,no,no,yes,unhealthy
12.216186372359024,48.98507517152632,no,yes,no,no,yes,no,unhealthy
26.41967184721131,31.12586940037788,no,yes,no,no,yes,yes,unhealthy
12.857259941829204,22.579292451684,yes,no,no,no,no,no,unhealthy
10.411150772898365,22.079975684516782,yes,yes,no,yes,no,no,unhealthy
18.617571880703558,36.41373246901547,no,yes,yes,yes,yes,no,unhealthy
29.43971594107478,45.03266050053119,yes,no,no,yes,no,no,unhealthy
28.192058650115012,40.88998577008489,yes,no,yes,yes,yes,yes,unhealthy
11.483815417157238,16.634737685657583,yes,no,yes,no,yes,no,unhealthy
28.073245255481176,27.49907235202477,no,yes,no,no,no,no,unhealthy
10.807179008030074,10.972658259975638,no,yes,yes,yes,no,no,unhealthy
25.61469577029244,46.9160088886345,no,no,yes,no,yes,yes,unhealthy
29.30902046750752,22.171093361700855,yes,yes,yes,no,yes,yes,unhealthy
24.172048874053026,41.28006819063298,yes,no,no,no,yes,no,unhealthy
20.682611725015178,28.613651340418464,yes,yes,yes,yes,no,no,unhealthy
17.034435065231975,11.879376969581998,yes,no,no,no,yes,no,unhealthy
19.21207174655216,32.507520588721874,yes,no,no,no,no,yes,unhealthy
22.940107637215977,38.92888086308275,yes,no,yes,yes,no,no,unhealthy
26.064694795357106,35.740676455278624,no,no,yes,no,no,yes,unhealthy
13.074648144295232,21.421482276739397,no,no,no,yes,no,no,unhealthy
12.5080337896532,12.91560121937195,yes,yes,yes,no,no,yes,unhealthy
10.35656381281606,33.072012713258474,no,no,yes,no,no,yes,unhealthy
27.92481915999572,44.14120406958548,yes,yes,no,yes,yes,yes,unhealthy
15.221518434730628,28.504890173374058,yes,no,yes,no,yes,no,unhealthy
22.76612972635739,24.396485248465673,yes,yes,no,no,no,no,unhealthy
23.546812248908953,27.53869919463762,yes,no,yes,yes,yes,no,unhealthy
20.201152862368325,21.191211524008416,no,yes,yes,yes,yes,no,unhealthy
10.059392334632859,38.52120609421866,no,yes,no,no,yes,yes,unhealthy
22.766106268555234,14.200313772253988,yes,no,no,yes,yes,no,unhealthy
10.064573903136147,17.44391033762326,yes,yes,no,yes,yes,yes,unhealthy
28.110489225650714,15.614785456351408,yes,no,no,no,no,no,unhealthy
16.45137931687826,48.21477070122335,no,no,no,yes,yes,yes,unhealthy
14.708850124579673,43.5335890817735,yes,no,no,yes,no,yes,unhealthy
14.317682266685177,28.618836058149412,no,yes,yes,yes,no,no,unhealthy
18.76548811054993,41.93180111908079,yes,yes,yes,yes,yes,no,unhealthy
23.388545039626237,31.53510794798504,yes,no,yes,no,no,yes,unhealthy
23.61021124827914,43.78133627241123,yes,no,no,yes,no,no,unhealthy
25.017775518986188,23.34554248369029,yes,no,no,no,no,no,unhealthy
27.32545870870901,25.368056240222852,yes,yes,yes,no,yes,no,unhealthy
25.51292834921885,10.081071870675991,yes,no,yes,yes,no,no,unhealthy
21.122861419941543,14.512951089296,no,yes,yes,no,no,no,unhealthy
16.77124744101438,24.492578064548226,no,yes,no,no,no,yes,unhealthy
16.9357707007147,22.57898756332559,no,yes,no,yes,yes,yes,unhealthy
21.143547501757283,16.580984744277316,no,yes,no,no,no,no,unhealthy
21.66071744552951,23.958759042161837,yes,yes,yes,no,no,no,unhealthy
20.144641485538948,23.503645399830276,yes,no,no,no,no,no,unhealthy
13.160995936159035,11.392670663743282,yes,yes,yes,yes,no,yes,unhealthy
19.677951235769708,28.788436345647277,yes,no,no,no,no,yes,unhealthy
17.36140219130275,46.57523706556429,yes,no,yes,yes,yes,yes,unhealthy
21.787845269323753,35.16730256947681,yes,no,no,yes,no,no,unhealthy
27.446700598598607,24.278513258025676,yes,yes,yes,yes,yes,yes,unhealthy
23.672470871532884,48.01113383360037,no,no,yes,yes,yes,yes,unhealthy
22.92382432236323,31.7775192129541,no,yes,yes,yes,no,no,unhealthy
23.71713061353068,33.49186876830599,no,no,yes,yes,no,yes,unhealthy
19.850006938736904,29.370529405231487,no,no,yes,no,yes,yes,unhealthy
